<?xml version="1.0" encoding="UTF-8" standalone="yes"?>
<addon id="script.module.pvr.artwork" name="PVR Artwork Module" version="2.2.8" provider-name="PvD">
    <requires>
	    <import addon="xbmc.python" version="3.0.0"/>
        <import addon="script.module.simplecache" version="2.0.2"/>
        <import addon="script.module.requests" version="2.22.0+matrix" />
    </requires>
    <extension point="xbmc.python.module" library="lib" />
    <extension point="xbmc.python.script" library="service.py" />
    <extension point="xbmc.service" library="main.py" />
    <extension point="kodi.context.item" library="addevent.py">
            <menu id="kodi.core.main">
                <item library="service.py" args="call_contextmenu">
                    <label>32065</label>
                    <visible>System.HasAddon(script.module.pvr.artwork) + Skin.HasSetting(Skin_enablePvrArtwork) + [Window.IsActive(MyPVRChannels.xml) | Window.IsActive(MyPVRGuide.xml) | Window.IsActive(MyPVRRecordings.xml) | Window.IsActive(MyPVRTimers.xml) | Window.IsActive(MyPVRSearch.xml)]</visible>
                </item>
            </menu>
    </extension>
    <extension point="xbmc.addon.metadata">
        <summary lang="en">Fetch PVR artwork from folders, libraries and TMDB/fanart.tv</summary>
        <description lang="en">The PVR artwork module for Kodi provides artwork for PVR related content by scraping (and caching) this information from local folders, libraries and TMDB/fanart.tv. This module uses the TMDb API but is not certified by TMDb. API keys for TMDB and fanart.tv required.</description>
        <news/>
        <license>GNU GPL Version 3, 29 June 2007</license>
        <forum/>
        <source>https://github.com/b-jesch/script.module.pvr.artwork</source>
        <platform>all</platform>
		<assets>
			<icon>resources/icon.png</icon>
			<fanart/>
		</assets>
    </extension>
</addon>
